﻿<parameters>
  <parameter name="IIS Web Application Name" defaultValue="Default Web Site/FabrikamFiber.Extranet.Web_deploy" tags="IisApp">
    <parameterEntry kind="ProviderPath" scope="IisApp" match="^C:\\Muthuk\\Work\\Programs\\muthuk-dvm1\\testproject\\FabrikamFiber\.CallCenter\\FabrikamFiber\.Extranet\.Web\\obj\\Release\\Package\\PackageTmp$" />
    <parameterEntry kind="ProviderPath" scope="setAcl" match="^C:\\Muthuk\\Work\\Programs\\muthuk-dvm1\\testproject\\FabrikamFiber\.CallCenter\\FabrikamFiber\.Extranet\.Web\\obj\\Release\\Package\\PackageTmp$" />
  </parameter>
  <parameter name="FabrikamFiber.DAL.Data.FabrikamFiberWebContext-Web.config Connection String" defaultValue="FabrikamFiber.DAL.Data.FabrikamFiberWebContext_ConnectionString">
    <parameterEntry kind="XmlFile" scope="C:\\Muthuk\\Work\\Programs\\muthuk-dvm1\\testproject\\FabrikamFiber\.CallCenter\\FabrikamFiber\.Extranet\.Web\\obj\\Release\\Package\\PackageTmp\\Web\.config$" match="/configuration/connectionStrings/add[@name='FabrikamFiber.DAL.Data.FabrikamFiberWebContext']/@connectionString" />
  </parameter>
  <parameter name="ApplicationServices-Web.config Connection String" description="ApplicationServices Connection String used in web.config by the application to access the database." defaultValue="data source=.\SQLEXPRESS;Integrated Security=SSPI;AttachDBFilename=|DataDirectory|aspnetdb.mdf;User Instance=true" tags="SqlConnectionString">
    <parameterEntry kind="XmlFile" scope="C:\\Muthuk\\Work\\Programs\\muthuk-dvm1\\testproject\\FabrikamFiber\.CallCenter\\FabrikamFiber\.Extranet\.Web\\obj\\Release\\Package\\PackageTmp\\Web\.config$" match="/configuration/connectionStrings/add[@name='ApplicationServices']/@connectionString" />
  </parameter>
  <parameter name="FabrikamFiber-Express-Web.config Connection String" description="FabrikamFiber-Express Connection String used in web.config by the application to access the database." defaultValue="data source=.\SQLEXPRESS;Integrated Security=SSPI;database=FabrikamFiber-Express-Prod" tags="SqlConnectionString">
    <parameterEntry kind="XmlFile" scope="C:\\Muthuk\\Work\\Programs\\muthuk-dvm1\\testproject\\FabrikamFiber\.CallCenter\\FabrikamFiber\.Extranet\.Web\\obj\\Release\\Package\\PackageTmp\\Web\.config$" match="/configuration/connectionStrings/add[@name='FabrikamFiber-Express']/@connectionString" />
  </parameter>
</parameters>